"","Heldout log likelihood","Exclusivity","SemanticCoherence","Model"
"1","-5.77194357634793","9.86279039699939","-205.244374321714","Base"
"2","-5.63190908935359","9.8701768082364","-195.781886914202","Stemmed"
"3","-5.9202948695333","9.8734087966483","-216.8888456348","Lemmatised"
"4","-7.47628548974878","9.81098012127378","-156.974098825298","N-grams"
"5","-5.94183955644732","9.87463668532908","-209.159852888768","Sentiment"
